{"stat.walkOneCm":110712,"stat.useItem.355":1,"stat.craftItem.297":0,"stat.jump":148,"stat.swimOneCm":9982,"stat.fallOneCm":538,"stat.climbOneCm":4004,"achievement.buildWorkBench":1,"achievement.mineWood":1,"stat.mineBlock.50":1,"achievement.exploreAllBiomes":{"value":0,"progress":["Beach","Prairie","River","Redwood Forest","Ender Forest","Swampland","Highland","Coral Reef"]},"stat.useItem.38":2,"achievement.openInventory":31,"stat.craftItem.5":4,"stat.damageTaken":-2147483349,"stat.mineBlock.5":3,"achievement.botania:flowerPickup":2,"stat.mobKills":4,"stat.flyOneCm":879,"stat.craftItem.58":1,"stat.deaths":2,"stat.drop":12,"stat.useItem.50":1,"stat.craftItem.355":0,"stat.useItem.389":1,"stat.playOneMinute":17849,"stat.killEntity.Sheep":3,"stat.killEntity.Cow":1,"stat.mineBlock.31":2,"stat.diveOneCm":15126}